Certificate_ID,Train_ID,Department,Issue_Date,Expiry_Date,Validity_Days,Status,Inspector,Priority,Inspection_Type,Renewal_Window_Days,Notes
CERT-ROL-CR101-d4ce05,CR101,Rolling_Stock,2024-03-29,2025-03-29,365,Valid,Rolling_Stock_Inspector_7,Medium,Annual,30-45,Certificate for rolling_stock systems - 365 day validity period
CERT-SIG-CR101-4d89ed,CR101,Signalling,2024-09-18,2025-03-17,180,Valid,Signalling_Inspector_1,Medium,Semi_Annual,15-30,Certificate for signalling systems - 180 day validity period
CERT-TEL-CR101-c17218,CR101,Telecom,2024-11-27,2025-01-14,90,Expired,Telecom_Inspector_8,Critical,Quarterly,7-15,Certificate for telecom systems - 90 day validity period
CERT-ROL-CR102-ebf0a6,CR102,Rolling_Stock,2024-06-21,2025-06-21,365,Valid,Rolling_Stock_Inspector_3,Medium,Annual,30-45,Certificate for rolling_stock systems - 365 day validity period
CERT-SIG-CR102-dd06a1,CR102,Signalling,2025-01-03,,180,Pending,Signalling_Inspector_3,Critical,Semi_Annual,15-30,Certificate for signalling systems - 180 day validity period
CERT-TEL-CR102-93fe97,CR102,Telecom,2024-10-28,2025-01-26,90,Valid,Telecom_Inspector_5,Medium,Quarterly,7-15,Certificate for telecom systems - 90 day validity period
CERT-ROL-CR103-acad81,CR103,Rolling_Stock,2024-11-03,2025-11-03,365,Valid,Rolling_Stock_Inspector_4,Medium,Annual,30-45,Certificate for rolling_stock systems - 365 day validity period
CERT-SIG-CR103-7833b2,CR103,Signalling,2024-08-07,2025-02-03,180,Valid,Signalling_Inspector_2,Medium,Semi_Annual,15-30,Certificate for signalling systems - 180 day validity period
CERT-TEL-CR103-2d2067,CR103,Telecom,2024-11-16,2025-02-14,90,Valid,Telecom_Inspector_4,Medium,Quarterly,7-15,Certificate for telecom systems - 90 day validity period
CERT-ROL-CR104-45d20f,CR104,Rolling_Stock,2024-02-01,2025-01-31,365,Valid,Rolling_Stock_Inspector_1,Medium,Annual,30-45,Certificate for rolling_stock systems - 365 day validity period
CERT-SIG-CR104-666b5c,CR104,Signalling,2024-08-25,2025-02-21,180,Valid,Signalling_Inspector_5,Medium,Semi_Annual,15-30,Certificate for signalling systems - 180 day validity period
CERT-TEL-CR104-ae1d57,CR104,Telecom,2024-12-25,2025-03-25,90,Valid,Telecom_Inspector_6,Medium,Quarterly,7-15,Certificate for telecom systems - 90 day validity period
CERT-ROL-CR105-88a4cb,CR105,Rolling_Stock,2024-06-05,2025-01-02,365,Expired,Rolling_Stock_Inspector_5,Critical,Annual,30-45,Certificate for rolling_stock systems - 365 day validity period
CERT-SIG-CR105-472a2b,CR105,Signalling,2024-09-03,2025-02-15,180,Renewal_In_Progress,Signalling_Inspector_4,Medium,Semi_Annual,15-30,Certificate for signalling systems - 180 day validity period
CERT-TEL-CR105-2f87df,CR105,Telecom,2024-11-12,2025-02-10,90,Valid,Telecom_Inspector_4,Medium,Quarterly,7-15,Certificate for telecom systems - 90 day validity period
CERT-ROL-CR106-d9d144,CR106,Rolling_Stock,2025-01-04,2026-01-04,365,Valid,Rolling_Stock_Inspector_4,Medium,Annual,30-45,Certificate for rolling_stock systems - 365 day validity period
CERT-SIG-CR106-a31553,CR106,Signalling,2024-09-03,2025-01-17,180,Expired,Signalling_Inspector_3,Critical,Semi_Annual,15-30,Certificate for signalling systems - 180 day validity period
CERT-TEL-CR106-8bfe19,CR106,Telecom,2025-01-19,2024-12-25,90,Expired,Telecom_Inspector_8,Critical,Quarterly,7-15,Certificate for telecom systems - 90 day validity period
CERT-ROL-CR107-27f351,CR107,Rolling_Stock,2024-09-13,2024-12-22,365,Expired,Rolling_Stock_Inspector_1,Critical,Annual,30-45,Certificate for rolling_stock systems - 365 day validity period
CERT-SIG-CR107-98bece,CR107,Signalling,2024-11-29,2025-05-28,180,Valid,Signalling_Inspector_6,Medium,Semi_Annual,15-30,Certificate for signalling systems - 180 day validity period
CERT-TEL-CR107-e361e7,CR107,Telecom,2025-01-16,2025-04-16,90,Valid,Telecom_Inspector_5,Medium,Quarterly,7-15,Certificate for telecom systems - 90 day validity period
CERT-ROL-CR108-ffddef,CR108,Rolling_Stock,2024-08-09,2025-08-09,365,Valid,Rolling_Stock_Inspector_1,Medium,Annual,30-45,Certificate for rolling_stock systems - 365 day validity period
CERT-SIG-CR108-4ba369,CR108,Signalling,2024-08-13,2025-02-09,180,Valid,Signalling_Inspector_2,Medium,Semi_Annual,15-30,Certificate for signalling systems - 180 day validity period
CERT-TEL-CR108-9d419f,CR108,Telecom,2025-01-06,2025-04-06,90,Valid,Telecom_Inspector_6,Medium,Quarterly,7-15,Certificate for telecom systems - 90 day validity period
CERT-ROL-CR109-305013,CR109,Rolling_Stock,2025-01-05,2026-01-05,365,Valid,Rolling_Stock_Inspector_4,Medium,Annual,30-45,Certificate for rolling_stock systems - 365 day validity period
CERT-SIG-CR109-d1d97e,CR109,Signalling,2024-11-14,2025-05-13,180,Valid,Signalling_Inspector_8,Medium,Semi_Annual,15-30,Certificate for signalling systems - 180 day validity period
CERT-TEL-CR109-085216,CR109,Telecom,2025-01-19,2025-04-19,90,Valid,Telecom_Inspector_5,Medium,Quarterly,7-15,Certificate for telecom systems - 90 day validity period
CERT-ROL-CR110-620e6c,CR110,Rolling_Stock,2024-04-30,2024-12-25,365,Expired,Rolling_Stock_Inspector_6,Critical,Annual,30-45,Certificate for rolling_stock systems - 365 day validity period
CERT-SIG-CR110-8fa5c6,CR110,Signalling,2024-12-24,2025-06-22,180,Valid,Signalling_Inspector_1,Medium,Semi_Annual,15-30,Certificate for signalling systems - 180 day validity period
CERT-TEL-CR110-eee76f,CR110,Telecom,2024-11-28,2025-02-26,90,Valid,Telecom_Inspector_8,Medium,Quarterly,7-15,Certificate for telecom systems - 90 day validity period
CERT-ROL-CR111-90af8f,CR111,Rolling_Stock,2024-03-31,,365,Pending,Rolling_Stock_Inspector_7,Critical,Annual,30-45,Certificate for rolling_stock systems - 365 day validity period
CERT-SIG-CR111-5eb0f7,CR111,Signalling,2024-10-06,2025-04-04,180,Valid,Signalling_Inspector_4,Medium,Semi_Annual,15-30,Certificate for signalling systems - 180 day validity period
CERT-TEL-CR111-19ac56,CR111,Telecom,2025-01-02,2025-04-02,90,Valid,Telecom_Inspector_5,Medium,Quarterly,7-15,Certificate for telecom systems - 90 day validity period
CERT-ROL-CR112-ccf096,CR112,Rolling_Stock,2024-08-28,2025-08-28,365,Valid,Rolling_Stock_Inspector_2,Medium,Annual,30-45,Certificate for rolling_stock systems - 365 day validity period
CERT-SIG-CR112-3ffc8e,CR112,Signalling,2024-11-29,2025-05-28,180,Valid,Signalling_Inspector_7,Medium,Semi_Annual,15-30,Certificate for signalling systems - 180 day validity period
CERT-TEL-CR112-f79db7,CR112,Telecom,2024-11-22,2025-02-20,90,Valid,Telecom_Inspector_8,Medium,Quarterly,7-15,Certificate for telecom systems - 90 day validity period
CERT-ROL-CR113-ee1088,CR113,Rolling_Stock,2024-11-08,2025-11-08,365,Valid,Rolling_Stock_Inspector_4,Medium,Annual,30-45,Certificate for rolling_stock systems - 365 day validity period
CERT-SIG-CR113-8b7721,CR113,Signalling,2024-12-16,2025-06-14,180,Valid,Signalling_Inspector_1,Medium,Semi_Annual,15-30,Certificate for signalling systems - 180 day validity period
CERT-TEL-CR113-dae1aa,CR113,Telecom,2025-01-08,2025-04-08,90,Valid,Telecom_Inspector_6,Medium,Quarterly,7-15,Certificate for telecom systems - 90 day validity period
CERT-ROL-CR114-209068,CR114,Rolling_Stock,2024-07-15,2025-07-15,365,Valid,Rolling_Stock_Inspector_8,Medium,Annual,30-45,Certificate for rolling_stock systems - 365 day validity period
CERT-SIG-CR114-a9ec06,CR114,Signalling,2024-12-27,2025-06-25,180,Valid,Signalling_Inspector_4,Medium,Semi_Annual,15-30,Certificate for signalling systems - 180 day validity period
CERT-TEL-CR114-c3c474,CR114,Telecom,2024-11-20,2025-02-18,90,Valid,Telecom_Inspector_5,Medium,Quarterly,7-15,Certificate for telecom systems - 90 day validity period
CERT-ROL-CR115-89ea16,CR115,Rolling_Stock,2024-10-18,2025-10-18,365,Valid,Rolling_Stock_Inspector_4,Medium,Annual,30-45,Certificate for rolling_stock systems - 365 day validity period
CERT-SIG-CR115-75d48d,CR115,Signalling,2024-11-17,2025-05-16,180,Valid,Signalling_Inspector_4,Medium,Semi_Annual,15-30,Certificate for signalling systems - 180 day validity period
CERT-TEL-CR115-650758,CR115,Telecom,2024-11-10,2025-02-08,90,Valid,Telecom_Inspector_1,Medium,Quarterly,7-15,Certificate for telecom systems - 90 day validity period
CERT-ROL-CR116-f96c92,CR116,Rolling_Stock,2024-01-26,2025-01-25,365,Valid,Rolling_Stock_Inspector_6,Medium,Annual,30-45,Certificate for rolling_stock systems - 365 day validity period
CERT-SIG-CR116-e080a7,CR116,Signalling,2024-08-14,2025-02-10,180,Valid,Signalling_Inspector_5,Medium,Semi_Annual,15-30,Certificate for signalling systems - 180 day validity period
CERT-TEL-CR116-2cebc2,CR116,Telecom,2024-11-06,2025-02-04,90,Valid,Telecom_Inspector_2,Medium,Quarterly,7-15,Certificate for telecom systems - 90 day validity period
CERT-ROL-CR117-598d82,CR117,Rolling_Stock,2024-07-21,2025-07-21,365,Valid,Rolling_Stock_Inspector_1,Medium,Annual,30-45,Certificate for rolling_stock systems - 365 day validity period
CERT-SIG-CR117-3c0b27,CR117,Signalling,2024-09-03,2025-03-02,180,Valid,Signalling_Inspector_7,Medium,Semi_Annual,15-30,Certificate for signalling systems - 180 day validity period
CERT-TEL-CR117-cb03d4,CR117,Telecom,2025-01-04,2025-01-31,90,Renewal_In_Progress,Telecom_Inspector_6,Medium,Quarterly,7-15,Certificate for telecom systems - 90 day validity period
CERT-ROL-CR118-a04b69,CR118,Rolling_Stock,2024-09-18,2025-09-18,365,Valid,Rolling_Stock_Inspector_4,Medium,Annual,30-45,Certificate for rolling_stock systems - 365 day validity period
CERT-SIG-CR118-e886f5,CR118,Signalling,2024-08-13,2025-02-09,180,Valid,Signalling_Inspector_8,Medium,Semi_Annual,15-30,Certificate for signalling systems - 180 day validity period
CERT-TEL-CR118-dc9ce9,CR118,Telecom,2024-12-12,2025-03-12,90,Valid,Telecom_Inspector_7,Medium,Quarterly,7-15,Certificate for telecom systems - 90 day validity period
CERT-ROL-CR119-088578,CR119,Rolling_Stock,2024-09-26,2025-01-16,365,Expired,Rolling_Stock_Inspector_8,Critical,Annual,30-45,Certificate for rolling_stock systems - 365 day validity period
CERT-SIG-CR119-d4f2f3,CR119,Signalling,2024-10-25,2025-04-23,180,Valid,Signalling_Inspector_5,Medium,Semi_Annual,15-30,Certificate for signalling systems - 180 day validity period
CERT-TEL-CR119-d1b02f,CR119,Telecom,2024-11-14,2025-02-12,90,Valid,Telecom_Inspector_1,Medium,Quarterly,7-15,Certificate for telecom systems - 90 day validity period
CERT-ROL-CR120-4469b0,CR120,Rolling_Stock,2024-03-12,2025-03-12,365,Valid,Rolling_Stock_Inspector_8,Medium,Annual,30-45,Certificate for rolling_stock systems - 365 day validity period
CERT-SIG-CR120-00c630,CR120,Signalling,2024-11-16,2025-05-15,180,Valid,Signalling_Inspector_3,Medium,Semi_Annual,15-30,Certificate for signalling systems - 180 day validity period
CERT-TEL-CR120-4003d7,CR120,Telecom,2025-01-02,2025-02-03,90,Renewal_In_Progress,Telecom_Inspector_7,Medium,Quarterly,7-15,Certificate for telecom systems - 90 day validity period
CERT-ROL-CR121-f10241,CR121,Rolling_Stock,2025-01-10,2026-01-10,365,Valid,Rolling_Stock_Inspector_5,Medium,Annual,30-45,Certificate for rolling_stock systems - 365 day validity period
CERT-SIG-CR121-2f8fa1,CR121,Signalling,2024-08-12,2025-02-08,180,Valid,Signalling_Inspector_2,Medium,Semi_Annual,15-30,Certificate for signalling systems - 180 day validity period
CERT-TEL-CR121-b635c4,CR121,Telecom,2024-11-04,2025-02-02,90,Valid,Telecom_Inspector_1,Medium,Quarterly,7-15,Certificate for telecom systems - 90 day validity period
CERT-ROL-CR122-2b77e2,CR122,Rolling_Stock,2024-11-08,2025-02-27,365,Renewal_In_Progress,Rolling_Stock_Inspector_3,Medium,Annual,30-45,Certificate for rolling_stock systems - 365 day validity period
CERT-SIG-CR122-85c6f4,CR122,Signalling,2024-07-30,2025-01-26,180,Valid,Signalling_Inspector_1,Medium,Semi_Annual,15-30,Certificate for signalling systems - 180 day validity period
CERT-TEL-CR122-bbdc1d,CR122,Telecom,2024-12-22,2025-03-22,90,Valid,Telecom_Inspector_7,Medium,Quarterly,7-15,Certificate for telecom systems - 90 day validity period
CERT-ROL-CR123-b262d9,CR123,Rolling_Stock,2024-05-13,2025-05-13,365,Valid,Rolling_Stock_Inspector_1,Medium,Annual,30-45,Certificate for rolling_stock systems - 365 day validity period
CERT-SIG-CR123-cbd27f,CR123,Signalling,2024-12-27,2025-06-25,180,Valid,Signalling_Inspector_6,Medium,Semi_Annual,15-30,Certificate for signalling systems - 180 day validity period
CERT-TEL-CR123-17bdd0,CR123,Telecom,2025-01-02,2025-04-02,90,Valid,Telecom_Inspector_3,Medium,Quarterly,7-15,Certificate for telecom systems - 90 day validity period
CERT-ROL-CR124-400764,CR124,Rolling_Stock,2024-04-25,,365,Pending,Rolling_Stock_Inspector_3,Critical,Annual,30-45,Certificate for rolling_stock systems - 365 day validity period
CERT-SIG-CR124-49c4d7,CR124,Signalling,2025-01-17,2025-07-16,180,Valid,Signalling_Inspector_8,Medium,Semi_Annual,15-30,Certificate for signalling systems - 180 day validity period
CERT-TEL-CR124-b44c2f,CR124,Telecom,2024-11-15,2025-02-13,90,Valid,Telecom_Inspector_8,Medium,Quarterly,7-15,Certificate for telecom systems - 90 day validity period
CERT-ROL-CR125-65d7fa,CR125,Rolling_Stock,2024-06-03,2025-06-03,365,Valid,Rolling_Stock_Inspector_1,Medium,Annual,30-45,Certificate for rolling_stock systems - 365 day validity period
CERT-SIG-CR125-637a42,CR125,Signalling,2024-10-07,2025-04-05,180,Valid,Signalling_Inspector_7,Medium,Semi_Annual,15-30,Certificate for signalling systems - 180 day validity period
CERT-TEL-CR125-2fd357,CR125,Telecom,2024-11-24,2025-02-22,90,Valid,Telecom_Inspector_1,Medium,Quarterly,7-15,Certificate for telecom systems - 90 day validity period
