Certificate_ID,Train_ID,Department,Issue_Date,Expiry_Date,Validity_Days,Status,Inspector,Priority,Inspection_Type,Notes
CERT-ROL-CR101-5916ad,CR101,Rolling_Stock,2024-12-22,2025-12-22,365,Valid,Rolling_Stock_Inspector_2,Medium,Annual,Certificate for rolling_stock systems - 365 day validity period
CERT-SIG-CR101-4a8f10,CR101,Signalling,2024-12-23,2025-06-21,180,Valid,Signalling_Inspector_7,Medium,Semi_Annual,Certificate for signalling systems - 180 day validity period
CERT-TEL-CR101-e9b786,CR101,Telecom,2024-10-24,2025-01-22,90,Valid,Telecom_Inspector_1,Medium,Quarterly,Certificate for telecom systems - 90 day validity period
CERT-ROL-CR102-c70f42,CR102,Rolling_Stock,2024-04-30,2025-04-30,365,Valid,Rolling_Stock_Inspector_1,Medium,Annual,Certificate for rolling_stock systems - 365 day validity period
CERT-SIG-CR102-3815c1,CR102,Signalling,2024-11-07,2025-05-06,180,Valid,Signalling_Inspector_7,Medium,Semi_Annual,Certificate for signalling systems - 180 day validity period
CERT-TEL-CR102-900e9d,CR102,Telecom,2024-12-14,2025-03-14,90,Valid,Telecom_Inspector_7,Medium,Quarterly,Certificate for telecom systems - 90 day validity period
CERT-ROL-CR103-c28103,CR103,Rolling_Stock,2024-07-21,,365,Pending,Rolling_Stock_Inspector_7,Critical,Annual,Certificate for rolling_stock systems - 365 day validity period
CERT-SIG-CR103-ac6006,CR103,Signalling,2024-08-25,2025-02-21,180,Valid,Signalling_Inspector_7,Medium,Semi_Annual,Certificate for signalling systems - 180 day validity period
CERT-TEL-CR103-cfee2c,CR103,Telecom,2024-11-22,2025-02-20,90,Valid,Telecom_Inspector_1,Medium,Quarterly,Certificate for telecom systems - 90 day validity period
CERT-ROL-CR104-18e942,CR104,Rolling_Stock,2025-01-03,2025-01-27,365,Renewal_In_Progress,Rolling_Stock_Inspector_6,Medium,Annual,Certificate for rolling_stock systems - 365 day validity period
CERT-SIG-CR104-73ca69,CR104,Signalling,2024-08-12,2025-02-08,180,Valid,Signalling_Inspector_8,Medium,Semi_Annual,Certificate for signalling systems - 180 day validity period
CERT-TEL-CR104-259c53,CR104,Telecom,2024-11-11,2025-02-09,90,Valid,Telecom_Inspector_1,Medium,Quarterly,Certificate for telecom systems - 90 day validity period
CERT-ROL-CR105-e13aad,CR105,Rolling_Stock,2024-06-26,2025-06-26,365,Valid,Rolling_Stock_Inspector_1,Medium,Annual,Certificate for rolling_stock systems - 365 day validity period
CERT-SIG-CR105-5669a5,CR105,Signalling,2024-11-26,2025-05-25,180,Valid,Signalling_Inspector_3,Medium,Semi_Annual,Certificate for signalling systems - 180 day validity period
CERT-TEL-CR105-086b17,CR105,Telecom,2024-12-24,2025-03-24,90,Valid,Telecom_Inspector_7,Medium,Quarterly,Certificate for telecom systems - 90 day validity period
CERT-ROL-CR106-528c9e,CR106,Rolling_Stock,2024-12-12,2025-12-12,365,Valid,Rolling_Stock_Inspector_6,Medium,Annual,Certificate for rolling_stock systems - 365 day validity period
CERT-SIG-CR106-eedd9d,CR106,Signalling,2025-01-07,,180,Pending,Signalling_Inspector_1,Critical,Semi_Annual,Certificate for signalling systems - 180 day validity period
CERT-TEL-CR106-05e6cb,CR106,Telecom,2024-12-31,2025-03-31,90,Valid,Telecom_Inspector_5,Medium,Quarterly,Certificate for telecom systems - 90 day validity period
CERT-ROL-CR107-36f2e2,CR107,Rolling_Stock,2024-01-31,2025-01-30,365,Valid,Rolling_Stock_Inspector_2,Medium,Annual,Certificate for rolling_stock systems - 365 day validity period
CERT-SIG-CR107-6f93d9,CR107,Signalling,2024-08-23,2025-02-19,180,Valid,Signalling_Inspector_8,Medium,Semi_Annual,Certificate for signalling systems - 180 day validity period
CERT-TEL-CR107-0b9ce4,CR107,Telecom,2025-01-16,2025-04-16,90,Valid,Telecom_Inspector_6,Medium,Quarterly,Certificate for telecom systems - 90 day validity period
CERT-ROL-CR108-700b76,CR108,Rolling_Stock,2024-04-15,2025-01-26,365,Renewal_In_Progress,Rolling_Stock_Inspector_3,Medium,Annual,Certificate for rolling_stock systems - 365 day validity period
CERT-SIG-CR108-75c573,CR108,Signalling,2025-01-20,2025-07-19,180,Valid,Signalling_Inspector_7,Medium,Semi_Annual,Certificate for signalling systems - 180 day validity period
CERT-TEL-CR108-60e137,CR108,Telecom,2024-11-06,2025-02-04,90,Valid,Telecom_Inspector_5,Medium,Quarterly,Certificate for telecom systems - 90 day validity period
CERT-ROL-CR109-758963,CR109,Rolling_Stock,2024-11-05,2025-11-05,365,Valid,Rolling_Stock_Inspector_8,Medium,Annual,Certificate for rolling_stock systems - 365 day validity period
CERT-SIG-CR109-9d6ae9,CR109,Signalling,2025-01-13,2025-07-12,180,Valid,Signalling_Inspector_6,Medium,Semi_Annual,Certificate for signalling systems - 180 day validity period
CERT-TEL-CR109-6f6159,CR109,Telecom,2025-01-08,2024-12-28,90,Expired,Telecom_Inspector_4,Critical,Quarterly,Certificate for telecom systems - 90 day validity period
CERT-ROL-CR110-ecbc76,CR110,Rolling_Stock,2024-08-01,2025-08-01,365,Valid,Rolling_Stock_Inspector_5,Medium,Annual,Certificate for rolling_stock systems - 365 day validity period
CERT-SIG-CR110-ed6d43,CR110,Signalling,2024-12-04,2025-06-02,180,Valid,Signalling_Inspector_8,Medium,Semi_Annual,Certificate for signalling systems - 180 day validity period
CERT-TEL-CR110-a97d16,CR110,Telecom,2024-11-09,2025-02-07,90,Valid,Telecom_Inspector_1,Medium,Quarterly,Certificate for telecom systems - 90 day validity period
CERT-ROL-CR111-4e949a,CR111,Rolling_Stock,2024-04-08,2025-04-08,365,Valid,Rolling_Stock_Inspector_3,Medium,Annual,Certificate for rolling_stock systems - 365 day validity period
CERT-SIG-CR111-f9c6f3,CR111,Signalling,2024-08-10,2025-02-06,180,Valid,Signalling_Inspector_1,Medium,Semi_Annual,Certificate for signalling systems - 180 day validity period
CERT-TEL-CR111-cbf12f,CR111,Telecom,2024-12-29,2025-03-29,90,Valid,Telecom_Inspector_3,Medium,Quarterly,Certificate for telecom systems - 90 day validity period
CERT-ROL-CR112-fb6b3c,CR112,Rolling_Stock,2025-01-09,2025-01-25,365,Renewal_In_Progress,Rolling_Stock_Inspector_2,Medium,Annual,Certificate for rolling_stock systems - 365 day validity period
CERT-SIG-CR112-20f724,CR112,Signalling,2025-01-06,2025-07-05,180,Valid,Signalling_Inspector_1,Medium,Semi_Annual,Certificate for signalling systems - 180 day validity period
CERT-TEL-CR112-d8dcf9,CR112,Telecom,2024-11-14,2025-02-12,90,Valid,Telecom_Inspector_8,Medium,Quarterly,Certificate for telecom systems - 90 day validity period
CERT-ROL-CR113-3ab0e6,CR113,Rolling_Stock,2024-08-11,2025-08-11,365,Valid,Rolling_Stock_Inspector_5,Medium,Annual,Certificate for rolling_stock systems - 365 day validity period
CERT-SIG-CR113-71ea8c,CR113,Signalling,2024-12-07,2025-06-05,180,Valid,Signalling_Inspector_2,Medium,Semi_Annual,Certificate for signalling systems - 180 day validity period
CERT-TEL-CR113-777407,CR113,Telecom,2024-11-10,2025-02-08,90,Valid,Telecom_Inspector_3,Medium,Quarterly,Certificate for telecom systems - 90 day validity period
CERT-ROL-CR114-b62043,CR114,Rolling_Stock,2024-11-17,2025-11-17,365,Valid,Rolling_Stock_Inspector_4,Medium,Annual,Certificate for rolling_stock systems - 365 day validity period
CERT-SIG-CR114-91db01,CR114,Signalling,2024-11-27,2025-05-26,180,Valid,Signalling_Inspector_5,Medium,Semi_Annual,Certificate for signalling systems - 180 day validity period
CERT-TEL-CR114-8be327,CR114,Telecom,2025-01-03,2025-04-03,90,Valid,Telecom_Inspector_8,Medium,Quarterly,Certificate for telecom systems - 90 day validity period
CERT-ROL-CR115-435ed2,CR115,Rolling_Stock,2024-09-30,2025-09-30,365,Valid,Rolling_Stock_Inspector_6,Medium,Annual,Certificate for rolling_stock systems - 365 day validity period
CERT-SIG-CR115-7561b4,CR115,Signalling,2024-08-17,2025-01-25,180,Renewal_In_Progress,Signalling_Inspector_8,Medium,Semi_Annual,Certificate for signalling systems - 180 day validity period
CERT-TEL-CR115-7b45ae,CR115,Telecom,2025-01-13,2025-04-13,90,Valid,Telecom_Inspector_2,Medium,Quarterly,Certificate for telecom systems - 90 day validity period
CERT-ROL-CR116-b330ff,CR116,Rolling_Stock,2024-03-03,2025-03-03,365,Valid,Rolling_Stock_Inspector_8,Medium,Annual,Certificate for rolling_stock systems - 365 day validity period
CERT-SIG-CR116-92f94f,CR116,Signalling,2024-11-08,2025-05-07,180,Valid,Signalling_Inspector_7,Medium,Semi_Annual,Certificate for signalling systems - 180 day validity period
CERT-TEL-CR116-8c8f32,CR116,Telecom,2024-11-22,2025-02-20,90,Valid,Telecom_Inspector_1,Medium,Quarterly,Certificate for telecom systems - 90 day validity period
CERT-ROL-CR117-641d59,CR117,Rolling_Stock,2024-01-30,2025-01-29,365,Valid,Rolling_Stock_Inspector_3,Medium,Annual,Certificate for rolling_stock systems - 365 day validity period
CERT-SIG-CR117-c9caf9,CR117,Signalling,2024-09-07,2025-03-06,180,Valid,Signalling_Inspector_7,Medium,Semi_Annual,Certificate for signalling systems - 180 day validity period
CERT-TEL-CR117-30b723,CR117,Telecom,2024-12-23,2025-03-23,90,Valid,Telecom_Inspector_5,Medium,Quarterly,Certificate for telecom systems - 90 day validity period
CERT-ROL-CR118-b7bd9c,CR118,Rolling_Stock,2024-10-12,2025-10-12,365,Valid,Rolling_Stock_Inspector_3,Medium,Annual,Certificate for rolling_stock systems - 365 day validity period
CERT-SIG-CR118-353b7a,CR118,Signalling,2024-09-17,2025-03-16,180,Valid,Signalling_Inspector_1,Medium,Semi_Annual,Certificate for signalling systems - 180 day validity period
CERT-TEL-CR118-0f7764,CR118,Telecom,2024-10-22,2025-01-20,90,Valid,Telecom_Inspector_5,Medium,Quarterly,Certificate for telecom systems - 90 day validity period
CERT-ROL-CR119-8c5a7c,CR119,Rolling_Stock,2024-03-30,,365,Pending,Rolling_Stock_Inspector_2,Critical,Annual,Certificate for rolling_stock systems - 365 day validity period
CERT-SIG-CR119-cc4049,CR119,Signalling,2024-07-30,2025-01-26,180,Valid,Signalling_Inspector_8,Medium,Semi_Annual,Certificate for signalling systems - 180 day validity period
CERT-TEL-CR119-f29d56,CR119,Telecom,2024-11-20,,90,Pending,Telecom_Inspector_4,Critical,Quarterly,Certificate for telecom systems - 90 day validity period
CERT-ROL-CR120-6e95c2,CR120,Rolling_Stock,2024-07-07,2025-07-07,365,Valid,Rolling_Stock_Inspector_1,Medium,Annual,Certificate for rolling_stock systems - 365 day validity period
CERT-SIG-CR120-464f1e,CR120,Signalling,2024-12-22,2024-12-27,180,Expired,Signalling_Inspector_6,Critical,Semi_Annual,Certificate for signalling systems - 180 day validity period
CERT-TEL-CR120-a452e0,CR120,Telecom,2025-01-09,2025-04-09,90,Valid,Telecom_Inspector_2,Medium,Quarterly,Certificate for telecom systems - 90 day validity period
CERT-ROL-CR121-af88e1,CR121,Rolling_Stock,2024-06-19,2025-06-19,365,Valid,Rolling_Stock_Inspector_3,Medium,Annual,Certificate for rolling_stock systems - 365 day validity period
CERT-SIG-CR121-e5cd67,CR121,Signalling,2024-09-24,2025-03-23,180,Valid,Signalling_Inspector_8,Medium,Semi_Annual,Certificate for signalling systems - 180 day validity period
CERT-TEL-CR121-8aef68,CR121,Telecom,2024-11-04,2025-02-02,90,Valid,Telecom_Inspector_3,Medium,Quarterly,Certificate for telecom systems - 90 day validity period
CERT-ROL-CR122-de530e,CR122,Rolling_Stock,2024-04-14,2025-04-14,365,Valid,Rolling_Stock_Inspector_6,Medium,Annual,Certificate for rolling_stock systems - 365 day validity period
CERT-SIG-CR122-ad53ef,CR122,Signalling,2024-08-25,2025-02-21,180,Valid,Signalling_Inspector_8,Medium,Semi_Annual,Certificate for signalling systems - 180 day validity period
CERT-TEL-CR122-1f96f0,CR122,Telecom,2024-11-02,2025-01-23,90,Renewal_In_Progress,Telecom_Inspector_2,Medium,Quarterly,Certificate for telecom systems - 90 day validity period
CERT-ROL-CR123-75c743,CR123,Rolling_Stock,2024-02-16,,365,Pending,Rolling_Stock_Inspector_8,Critical,Annual,Certificate for rolling_stock systems - 365 day validity period
CERT-SIG-CR123-13b260,CR123,Signalling,2024-08-26,2025-02-22,180,Valid,Signalling_Inspector_1,Medium,Semi_Annual,Certificate for signalling systems - 180 day validity period
CERT-TEL-CR123-84e10a,CR123,Telecom,2024-12-25,2025-03-25,90,Valid,Telecom_Inspector_1,Medium,Quarterly,Certificate for telecom systems - 90 day validity period
CERT-ROL-CR124-efb9c5,CR124,Rolling_Stock,2024-06-12,2025-06-12,365,Valid,Rolling_Stock_Inspector_1,Medium,Annual,Certificate for rolling_stock systems - 365 day validity period
CERT-SIG-CR124-3c50b7,CR124,Signalling,2024-07-25,2025-01-21,180,Valid,Signalling_Inspector_1,Medium,Semi_Annual,Certificate for signalling systems - 180 day validity period
CERT-TEL-CR124-419c6e,CR124,Telecom,2024-11-15,2025-02-13,90,Valid,Telecom_Inspector_3,Medium,Quarterly,Certificate for telecom systems - 90 day validity period
CERT-ROL-CR125-247d41,CR125,Rolling_Stock,2024-05-18,2025-05-18,365,Valid,Rolling_Stock_Inspector_2,Medium,Annual,Certificate for rolling_stock systems - 365 day validity period
CERT-SIG-CR125-997178,CR125,Signalling,2024-10-28,2025-01-08,180,Expired,Signalling_Inspector_7,Critical,Semi_Annual,Certificate for signalling systems - 180 day validity period
CERT-TEL-CR125-5087b8,CR125,Telecom,2024-11-25,2025-02-23,90,Valid,Telecom_Inspector_2,Medium,Quarterly,Certificate for telecom systems - 90 day validity period
